Traffic source,Source type,Source title,Views,Watch time (hours),Average view duration,Impressions,Impressions click-through rate (%)
Total,,,1795144,3579616.0137,1:59:38,18510655,8.75
YT_SEARCH.dog tv,,dog tv,458254,982358.1786,2:08:37,0,
YT_SEARCH.dog tv for dogs to watch,,dog tv for dogs to watch,205256,406059.5394,1:58:41,0,
YT_SEARCH.dog tv no ads,,dog tv no ads,78190,227161.3759,2:54:18,0,
YT_SEARCH.tv for dogs,,tv for dogs,58289,113205.2196,1:56:31,0,
YT_SEARCH.dog walk,,dog walk,51714,113094.7097,2:11:12,0,
YT_SEARCH.virtual dog walk,,virtual dog walk,31814,83332.0339,2:37:10,0,
YT_SEARCH.videos para perros,,videos para perros,23782,24742.1577,1:02:25,0,
YT_SEARCH.videos for dogs,,videos for dogs,17806,27673.9085,1:33:15,0,
YT_SEARCH.tv para perros,,tv para perros,16133,17303.1209,1:04:21,0,
YT_SEARCH.harmony hounds,,harmony hounds,12927,33844.7532,2:37:17,0,
YT_SEARCH.dog walking,,dog walking,11063,14454.4389,1:18:23,0,
YT_SEARCH.dog,,dog,10765,15492.4999,1:26:20,0,
YT_SEARCH.nature sounds for dogs,,nature sounds for dogs,9613,20969.9403,2:10:53,0,
YT_SEARCH.tv for dogs to watch,,tv for dogs to watch,8974,15429.8149,1:43:09,0,
YT_SEARCH.for dogs to watch,,for dogs to watch,8122,13622.404,1:40:38,0,
YT_SEARCH.видео для собак,,видео для собак,7876,4394.9846,0:33:28,0,
YT_SEARCH.dog tv for dogs to watch relax,,dog tv for dogs to watch relax,7706,12984.4389,1:41:05,0,
YT_SEARCH.dog videos for dogs to watch,,dog videos for dogs to watch,7664,13212.6119,1:43:26,0,
YT_SEARCH.dog videos,,dog videos,7621,14236.0886,1:52:04,0,
YT_SEARCH.nature walk,,nature walk,6506,10977.1832,1:41:14,0,
YT_SEARCH.dog music,,dog music,6399,13586.1813,2:07:23,0,
YT_SEARCH.dogtv,,dogtv,6168,12673.8269,2:03:17,0,
YT_SEARCH.nature for dogs,,nature for dogs,4678,9067.8861,1:56:18,0,
YT_SEARCH.forest walk,,forest walk,4530,11389.674,2:30:51,0,
YT_SEARCH.for dogs,,for dogs,4524,8441.915,1:51:57,0,
YT_SEARCH.для собак,,для собак,4420,4292.0149,0:58:15,0,
YT_SEARCH.dog tv for dogs to watch no ads,,dog tv for dogs to watch no ads,4383,11486.7936,2:37:14,0,
YT_SEARCH.puppy tv,,puppy tv,4048,7225.9042,1:47:06,0,
YT_SEARCH.video para perros,,video para perros,3725,3252.8797,0:52:23,0,
YT_SEARCH.dogs,,dogs,3589,4546.6754,1:16:00,0,
YT_SEARCH.tele para perros,,tele para perros,3502,2843.6364,0:48:43,0,
YT_SEARCH.dog calming music,,dog calming music,3431,7064.9084,2:03:32,0,
YT_SEARCH.도그티비,,도그티비,3304,5730.3771,1:44:03,0,
YT_SEARCH.video for dogs,,video for dogs,3184,3712.8966,1:09:57,0,
YT_SEARCH.dog walk tv,,dog walk tv,3166,6900.1663,2:10:46,0,
YT_SEARCH.nature videos for dogs,,nature videos for dogs,3139,5706.8214,1:49:04,0,
YT_SEARCH.dog tv no music,,dog tv no music,3028,6928.0719,2:17:16,0,
YT_SEARCH.televisión para perros,,televisión para perros,2845,2760.2716,0:58:12,0,
YT_SEARCH.dog tv live,,dog tv live,2844,9568.5512,3:21:52,0,
YT_SEARCH.tv for dogs no ads,,tv for dogs no ads,2792,9007.2565,3:13:33,0,
YT_SEARCH.dogs playing,,dogs playing,2768,3166.0678,1:08:37,0,
YT_SEARCH.dog tv on youtube,,dog tv on youtube,2700,7439.818,2:45:19,0,
YT_SEARCH.musica para perros,,musica para perros,2620,4330.8113,1:39:10,0,
YT_SEARCH.dog music no ads,,dog music no ads,2606,6575.0772,2:31:22,0,
YT_SEARCH.para perros,,para perros,2593,3108.3019,1:11:55,0,
YT_SEARCH.dog nature sounds,,dog nature sounds,2535,6161.643,2:25:50,0,
YT_SEARCH.music for dogs,,music for dogs,2509,4821.7419,1:55:18,0,
YT_SEARCH.sounds for dogs,,sounds for dogs,2453,4416.56,1:48:01,0,
YT_SEARCH.calming videos for dogs,,calming videos for dogs,2410,4638.4467,1:55:28,0,
YT_SEARCH.dogs walking,,dogs walking,2356,1808.7427,0:46:03,0,
YT_SEARCH.tv dog,,tv dog,2259,3869.9799,1:42:47,0,
YT_SEARCH.dog entertainment video,,dog entertainment video,2249,4936.4116,2:11:41,0,
YT_SEARCH.hunde tv,,hunde tv,2226,2321.6626,1:02:34,0,
YT_SEARCH.relaxing videos for dogs,,relaxing videos for dogs,2214,3944.5843,1:46:53,0,
YT_SEARCH.relaxing dog tv,,relaxing dog tv,2179,4140.6352,1:54:00,0,
YT_SEARCH.tv perros,,tv perros,2134,2786.5494,1:18:20,0,
YT_SEARCH.tv dogs,,tv dogs,2090,4112.2432,1:58:03,0,
YT_SEARCH.videos for dogs to watch,,videos for dogs to watch,2065,2356.9565,1:08:28,0,
YT_SEARCH.dog channel,,dog channel,1976,3942.4657,1:59:42,0,
YT_SEARCH.videos para perritos,,videos para perritos,1956,2520.1651,1:17:18,0,
YT_SEARCH.dog tv walking,,dog tv walking,1945,4307.9946,2:12:53,0,
YT_SEARCH.relaxing dog videos,,relaxing dog videos,1931,4012.5456,2:04:40,0,
YT_SEARCH.no ads dog tv,,no ads dog tv,1913,5782.8991,3:01:22,0,
YT_SEARCH.dog ambience,,dog ambience,1911,3864.9249,2:01:20,0,
YT_SEARCH.dog tv 4k,,dog tv 4k,1903,3377.4335,1:46:29,0,
YT_SEARCH.dibujos para perros,,dibujos para perros,1902,1157.1908,0:36:30,0,
YT_SEARCH.dog tv youtube,,dog tv youtube,1899,5646.2052,2:58:23,0,
YT_SEARCH.canal para perros,,canal para perros,1889,1721.7465,0:54:41,0,
YT_SEARCH.tv para cachorro,,tv para cachorro,1856,2353.2802,1:16:04,0,
YT_SEARCH.dog television,,dog television,1804,3838.112,2:07:39,0,
YT_SEARCH.perros,,perros,1791,2008.5613,1:07:17,0,
YT_SEARCH.ad free dog music,,ad free dog music,1787,3690.4825,2:03:54,0,
YT_SEARCH.для собак видео,,для собак видео,1706,1540.6674,0:54:11,0,
YT_SEARCH.virtual walk,,virtual walk,1696,1984.5777,1:10:12,0,
YT_SEARCH.calming dog videos,,calming dog videos,1688,2924.3293,1:43:56,0,
YT_SEARCH.狗狗電視,,狗狗電視,1656,726.2211,0:26:18,0,
YT_SEARCH.doggy tv,,doggy tv,1622,2989.6366,1:50:35,0,
YT_SEARCH.relaxing tv for dogs,,relaxing tv for dogs,1615,3009.4775,1:51:48,0,
YT_SEARCH.dog walking video,,dog walking video,1587,2845.5504,1:47:34,0,
YT_SEARCH.pet tv,,pet tv,1533,3230.0861,2:06:25,0,
YT_SEARCH.dog tv nature,,dog tv nature,1518,3352.6436,2:12:30,0,
YT_SEARCH.dog relaxation music,,dog relaxation music,1512,3567.0922,2:21:33,0,
YT_SEARCH.programa para perros,,programa para perros,1487,1325.391,0:53:28,0,
YT_SEARCH.dog entertainment,,dog entertainment,1471,3066.8405,2:05:05,0,
YT_SEARCH.calming music for dogs,,calming music for dogs,1447,2831.7691,1:57:25,0,
YT_SEARCH.calming dog tv,,calming dog tv,1440,2660.8673,1:50:52,0,
YT_SEARCH.nature sounds,,nature sounds,1407,2680.452,1:54:18,0,
YT_SEARCH.dog sounds,,dog sounds,1365,1527.7224,1:07:09,0,
YT_SEARCH.videos for dogs to watch to relax,,videos for dogs to watch to relax,1339,1642.1611,1:13:35,0,
YT_SEARCH.dogtv no ads,,dogtv no ads,1306,4349.3797,3:19:49,0,
YT_SEARCH.live dog tv,,live dog tv,1305,4309.2606,3:18:07,0,
YT_SEARCH.dog stimulation tv,,dog stimulation tv,1261,2123.7197,1:41:02,0,
YT_SEARCH.dog relaxation,,dog relaxation,1260,2291.8553,1:49:08,0,
YT_SEARCH.virtual dog walk with music,,virtual dog walk with music,1250,2875.8806,2:18:02,0,
YT_SEARCH.dog calming videos,,dog calming videos,1248,2104.7484,1:41:11,0,
YT_SEARCH.dog tv for dogs to watch anxiety,,dog tv for dogs to watch anxiety,1245,2023.5465,1:37:31,0,
YT_SEARCH.shows for dogs to watch,,shows for dogs to watch,1195,1638.6441,1:22:16,0,
YT_SEARCH.videos para perros entretenimiento,,videos para perros entretenimiento,1191,948.5084,0:47:47,0,
YT_SEARCH.dog walking videos,,dog walking videos,1171,2657.3592,2:16:09,0,
YT_SEARCH.dog sound,,dog sound,1101,1463.9683,1:19:51,0,
YT_SEARCH.dogs tv,,dogs tv,1094,1532.8722,1:24:04,0,
YT_SEARCH.vídeos para perros,,vídeos para perros,1079,858.1821,0:47:43,0,
YT_SEARCH.video pour chien,,video pour chien,1062,1174.4853,1:06:21,0,
YT_SEARCH.youtube for dogs,,youtube for dogs,1062,2001.2802,1:53:04,0,
YT_SEARCH.dog tv relaxation,,dog tv relaxation,1046,1812.9102,1:43:59,0,
YT_SEARCH.dog sensory videos,,dog sensory videos,1034,1443.6287,1:23:46,0,
YT_SEARCH.entretenimiento para perros,,entretenimiento para perros,1016,1284.3554,1:15:50,0,
YT_SEARCH.dog tv no commercials,,dog tv no commercials,1006,3325.8964,3:18:21,0,
YT_SEARCH.dog walks,,dog walks,997,1761.1827,1:45:59,0,
YT_SEARCH.shows for dogs,,shows for dogs,986,1620.785,1:38:37,0,
YT_SEARCH.perros tv,,perros tv,986,1580.6461,1:36:11,0,
YT_SEARCH.dog tv for dogs to watch barking,,dog tv for dogs to watch barking,984,1154.0982,1:10:22,0,
YT_SEARCH.no ads dog music,,no ads dog music,961,2587.736,2:41:33,0,
YT_SEARCH.dog barking,,dog barking,958,840.078,0:52:36,0,
YT_SEARCH.dog tv false ads,,dog tv false ads,958,2614.5066,2:43:44,0,
YT_SEARCH.ambience for dogs,,ambience for dogs,955,1581.6488,1:39:22,0,
YT_SEARCH.dog hiking,,dog hiking,919,1976.6288,2:09:03,0,
YT_SEARCH.nature no ads,,nature no ads,918,1420.9194,1:32:52,0,
YT_SEARCH.dog video,,dog video,909,1597.9772,1:45:28,0,
YT_SEARCH.programas para perros,,programas para perros,906,797.9096,0:52:50,0,
YT_SEARCH.para perritos,,para perritos,891,993.8374,1:06:55,0,
YT_SEARCH.walking dog,,walking dog,872,965.1936,1:06:24,0,
YT_SEARCH.документалки для собак,,документалки для собак,871,196.3777,0:13:31,0,
YT_SEARCH.música para perros,,música para perros,860,1740.5392,2:01:25,0,
YT_SEARCH.dog beach,,dog beach,850,1201.0205,1:24:46,0,
YT_SEARCH.dog calming music no ads,,dog calming music no ads,829,2335.8644,2:49:03,0,
YT_SEARCH.relaxing music for dogs,,relaxing music for dogs,819,1465.8965,1:47:23,0,
YT_SEARCH.video for dogs to watch,,video for dogs to watch,801,846.9774,1:03:26,0,
YT_SEARCH.dog desensitization sounds,,dog desensitization sounds,797,1148.8791,1:26:29,0,
YT_SEARCH.tv for dogs on youtube,,tv for dogs on youtube,796,2255.9048,2:50:02,0,
YT_SEARCH.background noise for dogs,,background noise for dogs,762,1550.8628,2:02:06,0,
YT_SEARCH.dog enrichment videos,,dog enrichment videos,750,1130.7139,1:30:27,0,
YT_SEARCH.nature tv,,nature tv,750,1420.9306,1:53:40,0,
YT_SEARCH.nature tv for dogs,,nature tv for dogs,748,1749.6434,2:20:20,0,
YT_SEARCH.dog music to calm them,,dog music to calm them,736,1305.0025,1:46:23,0,
YT_SEARCH.musica relajante para perros,,musica relajante para perros,729,1081.1141,1:28:58,0,
YT_SEARCH.tv cachorro,,tv cachorro,728,976.6063,1:20:29,0,
YT_SEARCH.dog t. v.,,dog t. v.,723,1606.2142,2:13:17,0,
YT_SEARCH.dog no ads,,dog no ads,718,2067.7665,2:52:47,0,
YT_SEARCH.dog tv stimulation,,dog tv stimulation,716,1202.9008,1:40:48,0,
YT_SEARCH.dog anxiety music,,dog anxiety music,714,1785.0276,2:30:00,0,
YT_SEARCH.nature dog tv,,nature dog tv,704,1647.2469,2:20:23,0,
YT_SEARCH.show for dogs to watch,,show for dogs to watch,698,779.4615,1:07:00,0,
YT_SEARCH.dog noises,,dog noises,698,1021.5263,1:27:48,0,
YT_SEARCH.caricaturas para perros,,caricaturas para perros,691,477.5652,0:41:28,0,
YT_SEARCH.perritos,,perritos,678,810.7499,1:11:44,0,
YT_SEARCH.walk dog,,walk dog,675,924.7084,1:22:11,0,
YT_SEARCH.relaxing for dogs,,relaxing for dogs,673,1206.0968,1:47:31,0,
YT_SEARCH.dog youtube,,dog youtube,669,1511.9997,2:15:36,0,
YT_SEARCH.perro tv,,perro tv,668,1174.3734,1:45:28,0,
YT_SEARCH.tv for dogs with anxiety,,tv for dogs with anxiety,667,1110.3633,1:39:52,0,
YT_SEARCH.music for dogs no ads,,music for dogs no ads,663,1663.5904,2:30:33,0,
YT_SEARCH.dog nature videos,,dog nature videos,659,1280.4347,1:56:34,0,
YT_SEARCH.dog asmr,,dog asmr,658,1135.4289,1:43:32,0,
YT_SEARCH.puppy tv for dogs to watch,,puppy tv for dogs to watch,656,992.0141,1:30:43,0,
YT_SEARCH.calming tv for dogs,,calming tv for dogs,641,1000.0658,1:33:36,0,
YT_SEARCH.calm dog tv,,calm dog tv,634,1252.07,1:58:29,0,
YT_SEARCH.nature sounds no ads,,nature sounds no ads,623,870.3117,1:23:49,0,
YT_SEARCH.no ad dog music,,no ad dog music,616,2000.1058,3:14:48,0,
YT_SEARCH.dog tv calming,,dog tv calming,615,1080.8607,1:45:26,0,
YT_SEARCH.cat tv,,cat tv,606,1000.4234,1:39:03,0,
YT_SEARCH.dog calming video,,dog calming video,602,926.5462,1:32:20,0,
YT_SEARCH.relaxing dog tv no ads,,relaxing dog tv no ads,595,1670.8906,2:48:29,0,
YT_SEARCH.television for dogs,,television for dogs,592,1579.6167,2:40:05,0,
YT_SEARCH.entertainment for dogs,,entertainment for dogs,588,1095.7908,1:51:48,0,
YT_SEARCH.dog tv night time,,dog tv night time,584,1215.6482,2:04:53,0,
YT_SEARCH.nature walk for dogs,,nature walk for dogs,563,1453.815,2:34:56,0,
YT_SEARCH.youtube dog tv,,youtube dog tv,560,1588.191,2:50:09,0,
YT_SEARCH.musica perros relajante,,musica perros relajante,560,945.6291,1:41:19,0,
YT_SEARCH.películas para perros,,películas para perros,559,611.289,1:05:36,0,
YT_SEARCH.dog shows for dogs to watch,,dog shows for dogs to watch,555,844.2711,1:31:16,0,
YT_SEARCH.dog tv music,,dog tv music,549,918.0562,1:40:20,0,
YT_SEARCH.videos para cachorros,,videos para cachorros,546,449.5066,0:49:23,0,
YT_SEARCH.dog watching tv,,dog watching tv,545,953.215,1:44:56,0,
YT_SEARCH.мультик для собак,,мультик для собак,545,271.814,0:29:55,0,
YT_SEARCH.video per cani,,video per cani,533,298.0441,0:33:33,0,
YT_SEARCH.dog nature walk,,dog nature walk,529,1272.9222,2:24:22,0,
YT_SEARCH.dog tv nature sounds,,dog tv nature sounds,524,1405.6556,2:40:57,0,
YT_SEARCH.dog relaxing videos,,dog relaxing videos,510,949.8962,1:51:45,0,
YT_SEARCH.dog pov,,dog pov,505,552.0063,1:05:35,0,
YT_SEARCH.relaxing dog,,relaxing dog,501,1012.4939,2:01:15,0,
YT_SEARCH.videos de perros,,videos de perros,501,346.7589,0:41:31,0,
YT_SEARCH.relaxing dog music,,relaxing dog music,498,968.8629,1:56:43,0,
YT_SEARCH.videos for puppies to watch,,videos for puppies to watch,497,694.5284,1:23:50,0,
YT_SEARCH.calming music for dogs no ads,,calming music for dogs no ads,497,1080.7205,2:10:28,0,
YT_SEARCH.dog walker,,dog walker,493,977.4797,1:58:57,0,
YT_SEARCH.movies for dogs,,movies for dogs,493,694.0797,1:24:28,0,
YT_SEARCH.calm dog videos,,calm dog videos,483,823.8336,1:42:20,0,
YT_SEARCH.perros videos,,perros videos,479,661.2898,1:22:50,0,
YT_SEARCH.forest dog,,forest dog,475,904.7881,1:54:17,0,
YT_SEARCH.hunde tv für hunde,,hunde tv für hunde,474,401.1829,0:50:46,0,
YT_SEARCH.siesta dog tv,,siesta dog tv,470,374.2571,0:47:46,0,
YT_SEARCH.відео для собак,,відео для собак,469,237.1843,0:30:20,0,
YT_SEARCH.doggie tv,,doggie tv,459,748.9092,1:37:53,0,
YT_SEARCH.dog relaxation videos,,dog relaxation videos,455,907.1666,1:59:37,0,
YT_SEARCH.sonidos para perros,,sonidos para perros,455,485.8893,1:04:04,0,
YT_SEARCH.no ads,,no ads,453,975.7742,2:09:14,0,
YT_SEARCH.cartoons for dogs,,cartoons for dogs,452,640.6542,1:25:02,0,
YT_SEARCH.video para cachorro,,video para cachorro,450,338.4762,0:45:07,0,
YT_SEARCH.puppy tv for puppies to watch,,puppy tv for puppies to watch,449,666.3888,1:29:02,0,
YT_SEARCH.도그 tv,,도그 tv,443,784.7416,1:46:17,0,
YT_SEARCH.videos dogs,,videos dogs,440,584.2036,1:19:39,0,
YT_SEARCH.honden tv,,honden tv,439,444.9295,1:00:48,0,
YT_SEARCH.dog relaxing music,,dog relaxing music,436,729.2472,1:40:21,0,
YT_SEARCH.hund tv,,hund tv,432,408.3027,0:56:42,0,
YT_SEARCH.dog tv for dogs to watch live,,dog tv for dogs to watch live,428,967.8906,2:15:41,0,
YT_SEARCH.hunde fernsehen,,hunde fernsehen,427,377.3618,0:53:01,0,
YT_SEARCH.dog relax,,dog relax,413,640.6396,1:33:04,0,
YT_SEARCH.perros musica relajante,,perros musica relajante,404,800.158,1:58:50,0,
YT_SEARCH.puppies,,puppies,400,473.0807,1:10:57,0,
YT_SEARCH.background for dogs,,background for dogs,393,772.5135,1:57:56,0,
YT_SEARCH.dog shows,,dog shows,392,730.1914,1:51:45,0,
YT_SEARCH.asmr for dogs,,asmr for dogs,390,599.7101,1:32:15,0,
YT_SEARCH.~,,~,387,1187.2089,3:04:03,0,
YT_SEARCH.dog forest walk,,dog forest walk,386,871.7756,2:15:30,0,
YT_SEARCH.dogs videos,,dogs videos,380,598.5227,1:34:30,0,
YT_SEARCH.dog walk video,,dog walk video,379,602.7812,1:35:25,0,
YT_SEARCH.dog show,,dog show,377,649.952,1:43:26,0,
YT_SEARCH.4k dogs,,4k dogs,370,896.5987,2:25:23,0,
YT_SEARCH.virtual hike,,virtual hike,369,617.1192,1:40:20,0,
YT_SEARCH.dog videos for dogs,,dog videos for dogs,364,540.9064,1:29:09,0,
YT_SEARCH.película para perros,,película para perros,363,285.8518,0:47:14,0,
YT_SEARCH.dogs 4k,,dogs 4k,362,461.5749,1:16:30,0,
YT_SEARCH.dog live,,dog live,360,369.3424,1:01:33,0,
YT_SEARCH.nature,,nature,360,691.102,1:55:11,0,
YT_SEARCH.tv for dog,,tv for dog,358,497.0401,1:23:18,0,
YT_SEARCH.мультики для собак,,мультики для собак,358,239.3413,0:40:06,0,
YT_SEARCH.dog tv no ai,,dog tv no ai,357,908.5176,2:32:41,0,
YT_SEARCH.vidéo pour chien,,vidéo pour chien,355,472.758,1:19:54,0,
YT_SEARCH.фильм для собак,,фильм для собак,352,134.4811,0:22:55,0,
YT_SEARCH.dog tube,,dog tube,352,515.3127,1:27:50,0,
YT_SEARCH.фильмы для собак,,фильмы для собак,351,199.488,0:34:06,0,
YT_SEARCH.relaxing video for dogs,,relaxing video for dogs,350,544.3326,1:33:18,0,
YT_SEARCH.relax my dog,,relax my dog,349,667.3916,1:54:44,0,
YT_SEARCH.狗狗影片,,狗狗影片,349,238.8349,0:41:03,0,
YT_SEARCH.movie for dogs,,movie for dogs,345,342.9451,0:59:38,0,
YT_SEARCH.relaxing music for dogs no ads,,relaxing music for dogs no ads,344,566.1741,1:38:45,0,
YT_SEARCH.tv,,tv,341,638.2748,1:52:18,0,
YT_SEARCH.youtube tv for dogs,,youtube tv for dogs,340,842.179,2:28:37,0,
YT_SEARCH.dog movies for dogs to watch,,dog movies for dogs to watch,336,459.6582,1:22:04,0,
YT_SEARCH.video para perritos,,video para perritos,336,448.872,1:20:09,0,
YT_SEARCH.calming dog music,,calming dog music,328,607.249,1:51:04,0,
YT_SEARCH.videos para entretener perros,,videos para entretener perros,325,324.7547,0:59:57,0,
YT_SEARCH.calming video for dogs,,calming video for dogs,325,484.3078,1:29:24,0,
YT_SEARCH.para perros videos para perros,,para perros videos para perros,324,288.9206,0:53:30,0,
YT_SEARCH.cachorro,,cachorro,324,424.9139,1:18:41,0,
YT_SEARCH.dogwalk,,dogwalk,320,525.3294,1:38:29,0,
YT_SEARCH.dogtv relaxation,,dogtv relaxation,320,645.0597,2:00:56,0,
YT_SEARCH.relax dog,,relax dog,314,361.0826,1:08:59,0,
YT_SEARCH.film pour chien,,film pour chien,312,348.9555,1:07:06,0,
YT_SEARCH.calm dog,,calm dog,310,397.4356,1:16:55,0,
YT_SEARCH.dog sleep music,,dog sleep music,309,787.413,2:32:53,0,
YT_SEARCH.videos relajantes para perros,,videos relajantes para perros,308,311.0728,1:00:35,0,
YT_SEARCH.dog friendly videos,,dog friendly videos,307,478.4396,1:33:30,0,
YT_SEARCH.dog park,,dog park,306,451.9507,1:28:37,0,
YT_SEARCH.видео для собак чтобы они смотрели,,видео для собак чтобы они смотрели,303,99.9563,0:19:47,0,
YT_SEARCH.dog tv forest walk,,dog tv forest walk,303,732.5485,2:25:03,0,
YT_SEARCH.videos für hunde,,videos für hunde,302,165.4496,0:32:52,0,
YT_SEARCH.youtube dog music,,youtube dog music,302,1299.0409,4:18:05,0,
YT_SEARCH.noises for dogs,,noises for dogs,298,523.2057,1:45:20,0,
YT_SEARCH.dog tv for dogs,,dog tv for dogs,295,522.6766,1:46:18,0,
YT_SEARCH.dog virtual walk,,dog virtual walk,294,750.8026,2:33:13,0,
YT_SEARCH.dog nature,,dog nature,294,606.296,2:03:44,0,
YT_SEARCH.dog daycare,,dog daycare,290,796.2195,2:44:44,0,
YT_SEARCH.walking dogs,,walking dogs,281,172.5459,0:36:50,0,
YT_SEARCH.relax for dogs,,relax for dogs,280,502.2224,1:47:37,0,
YT_SEARCH.música para perritos,,música para perritos,278,611.1653,2:11:54,0,
YT_SEARCH.tv for dogs youtube,,tv for dogs youtube,277,748.5385,2:42:08,0,
YT_SEARCH.музыка для собак,,музыка для собак,277,319.4188,1:09:11,0,
YT_SEARCH.tv for puppies,,tv for puppies,276,366.4239,1:19:39,0,
YT_SEARCH.dog forest,,dog forest,274,526.1933,1:55:13,0,
YT_SEARCH.for dog,,for dog,273,377.0005,1:22:51,0,
YT_SEARCH.relaxing dog video,,relaxing dog video,273,494.6358,1:48:42,0,
YT_SEARCH.long video for dogs to watch,,long video for dogs to watch,273,550.8414,2:01:03,0,
YT_SEARCH.virtual nature walk,,virtual nature walk,271,890.8907,3:17:14,0,
YT_SEARCH.relaxing sounds for dogs,,relaxing sounds for dogs,271,460.0078,1:41:50,0,
YT_SEARCH.dog relaxation video,,dog relaxation video,271,536.4346,1:58:46,0,
YT_SEARCH.dogs playing for dogs to watch,,dogs playing for dogs to watch,270,352.6092,1:18:21,0,
YT_SEARCH.musica perros,,musica perros,267,644.925,2:24:55,0,
YT_SEARCH.pet tv dog,,pet tv dog,266,580.0811,2:10:50,0,
YT_SEARCH.movies for dogs to watch,,movies for dogs to watch,264,307.0517,1:09:47,0,
YT_SEARCH.ambience,,ambience,262,431.5585,1:38:49,0,
YT_SEARCH.dog tv no animals,,dog tv no animals,262,469.5672,1:47:32,0,
YT_SEARCH.soothing dog videos,,soothing dog videos,262,461.9893,1:45:47,0,
YT_SEARCH.dog tv sleep,,dog tv sleep,258,443.1798,1:43:03,0,
YT_SEARCH.birds for dogs to watch,,birds for dogs to watch,257,267.2229,1:02:23,0,
YT_SEARCH.show for dogs,,show for dogs,257,438.3986,1:42:20,0,
YT_SEARCH.dog calming,,dog calming,256,417.2726,1:37:47,0,
YT_SEARCH.dog tv beach,,dog tv beach,253,484.5788,1:54:55,0,
YT_SEARCH.pelicula para perros,,pelicula para perros,253,223.0781,0:52:54,0,
YT_SEARCH.fox news,,fox news,244,769.0003,3:09:05,0,
YT_SEARCH.dog relaxation music no ads,,dog relaxation music no ads,243,605.002,2:29:22,0,
YT_SEARCH.animal tv,,animal tv,240,514.072,2:08:31,0,
YT_SEARCH.peliculas para perros,,peliculas para perros,239,214.5572,0:53:51,0,
YT_SEARCH.squirrel video for dogs,,squirrel video for dogs,239,189.1049,0:47:28,0,
YT_SEARCH.animal sounds for dogs,,animal sounds for dogs,239,459.8896,1:55:27,0,
YT_SEARCH.relaxing music,,relaxing music,237,411.9719,1:44:17,0,
YT_SEARCH.nature video for dogs,,nature video for dogs,230,419.2391,1:49:22,0,
YT_SEARCH.dog calming tv,,dog calming tv,228,458.8979,2:00:45,0,
YT_SEARCH.walking the dog,,walking the dog,228,172.0303,0:45:16,0,
YT_SEARCH.dog cartoons for dogs to watch,,dog cartoons for dogs to watch,227,361.6402,1:35:35,0,
YT_SEARCH.youtube dogs,,youtube dogs,226,450.9,1:59:42,0,
YT_SEARCH.dog screensaver,,dog screensaver,223,459.5178,2:03:38,0,
YT_SEARCH.classical music for dogs,,classical music for dogs,223,472.7343,2:07:11,0,
YT_SEARCH.hunde entspannungsmusik,,hunde entspannungsmusik,221,239.9294,1:05:08,0,
YT_SEARCH.video for dog,,video for dog,219,198.893,0:54:29,0,
YT_SEARCH.noise for dogs,,noise for dogs,216,485.1945,2:14:46,0,
YT_SEARCH.ad free dog tv,,ad free dog tv,216,621.5788,2:52:39,0,
YT_SEARCH.hunde videos,,hunde videos,214,294.0652,1:22:26,0,
YT_SEARCH.calm videos for dogs,,calm videos for dogs,212,333.1329,1:34:16,0,
YT_SEARCH.dog entertainment tv,,dog entertainment tv,211,466.9737,2:12:47,0,
YT_SEARCH.animals for dogs to watch,,animals for dogs to watch,209,344.3537,1:38:51,0,
YT_SEARCH.interactive dog tv,,interactive dog tv,208,409.9216,1:58:14,0,
YT_SEARCH.dogs tv to watch,,dogs tv to watch,207,271.8418,1:18:47,0,
YT_SEARCH.dog 4k,,dog 4k,206,179.0318,0:52:08,0,
YT_SEARCH.dog tv sounds,,dog tv sounds,205,286.387,1:23:49,0,
YT_SEARCH.dog sleep music no ads,,dog sleep music no ads,201,618.363,3:04:35,0,
YT_SEARCH.dog ambiance,,dog ambiance,200,289.0024,1:26:42,0,
YT_SEARCH.dogs running,,dogs running,200,165.138,0:49:32,0,
YT_SEARCH.calm dog music,,calm dog music,199,394.94,1:59:04,0,
YT_SEARCH.dog movies,,dog movies,198,288.6835,1:27:28,0,
YT_SEARCH.stimulating videos for dogs,,stimulating videos for dogs,198,327.4537,1:39:13,0,
YT_SEARCH.calming sounds for dogs,,calming sounds for dogs,197,452.0292,2:17:40,0,
YT_SEARCH.dog t,,dog t,197,360.676,1:49:51,0,
YT_SEARCH.música relajante para perros,,música relajante para perros,197,322.3116,1:38:09,0,
YT_SEARCH.videos para perro,,videos para perro,192,263.0285,1:22:11,0,
YT_SEARCH.tv per cani,,tv per cani,191,184.6904,0:58:01,0,
YT_SEARCH.tv for pets,,tv for pets,191,428.4958,2:14:36,0,
YT_SEARCH.soothing videos for dogs,,soothing videos for dogs,190,255.4317,1:20:39,0,
YT_SEARCH.desensitizing sounds for dogs,,desensitizing sounds for dogs,188,259.716,1:22:53,0,
YT_SEARCH.videos perros,,videos perros,186,304.5767,1:38:15,0,
YT_SEARCH.dog playing,,dog playing,185,197.8821,1:04:10,0,
YT_SEARCH.dog cartoon,,dog cartoon,184,302.4488,1:38:37,0,
YT_SEARCH.calming dog video,,calming dog video,183,271.4555,1:29:00,0,
YT_SEARCH.dog tv for dogs to watch squirrels,,dog tv for dogs to watch squirrels,182,267.4451,1:28:10,0,
YT_SEARCH.dog anxiety music no ads,,dog anxiety music no ads,182,407.0667,2:14:11,0,
YT_SEARCH.dog relaxation tv,,dog relaxation tv,182,385.4418,2:07:04,0,
YT_SEARCH.doggy channel,,doggy channel,181,665.2544,3:40:31,0,
YT_SEARCH.perros paseando,,perros paseando,181,176.0943,0:58:22,0,
YT_SEARCH.imagenes para perros,,imagenes para perros,180,70.9268,0:23:38,0,
YT_SEARCH.puppy channel,,puppy channel,178,361.4179,2:01:49,0,
YT_SEARCH.perros 4k,,perros 4k,178,87.3169,0:29:25,0,
YT_SEARCH.walking in the forest,,walking in the forest,177,50.297,0:17:02,0,
YT_SEARCH.live tv for dogs,,live tv for dogs,177,395.9827,2:14:13,0,
YT_SEARCH.dog tv with music,,dog tv with music,176,266.8442,1:30:58,0,
YT_SEARCH.dogs video,,dogs video,175,250.0216,1:25:43,0,
YT_SEARCH.dogs barking,,dogs barking,173,108.8112,0:37:44,0,
YT_SEARCH.dog movie,,dog movie,173,273.7388,1:34:56,0,
YT_SEARCH.doggy tv on youtube,,doggy tv on youtube,171,611.5376,3:34:34,0,
YT_SEARCH.dog desensitization,,dog desensitization,170,194.5233,1:08:39,0,
YT_SEARCH.dog relaxing,,dog relaxing,170,342.4414,2:00:51,0,
YT_SEARCH.dog walk barstool,,dog walk barstool,169,315.7267,1:52:05,0,
YT_SEARCH.dog stimulation,,dog stimulation,168,250.9902,1:29:38,0,
YT_SEARCH.dog walk virtual,,dog walk virtual,166,537.6489,3:14:19,0,
YT_SEARCH.virtual dog walks,,virtual dog walks,166,340.5931,2:03:06,0,
YT_SEARCH.puppy sounds,,puppy sounds,165,202.9527,1:13:48,0,
YT_SEARCH.channel for dogs,,channel for dogs,164,327.0838,1:59:39,0,
YT_SEARCH.sound for dogs,,sound for dogs,164,328.7639,2:00:16,0,
YT_SEARCH.dogs music,,dogs music,163,349.6848,2:08:43,0,
YT_SEARCH.dog videos no ads,,dog videos no ads,163,354.1504,2:10:21,0,
YT_SEARCH.канал для собак,,канал для собак,161,87.7993,0:32:43,0,
YT_SEARCH.animals,,animals,160,340.0259,2:07:30,0,
YT_SEARCH.calming for dogs,,calming for dogs,160,253.014,1:34:52,0,
YT_SEARCH.horses for dogs to watch,,horses for dogs to watch,158,152.5078,0:57:54,0,
YT_SEARCH.forest sounds,,forest sounds,157,385.6401,2:27:22,0,
YT_SEARCH.dog hike,,dog hike,156,454.2525,2:54:42,0,
YT_SEARCH.puppy,,puppy,156,267.1205,1:42:44,0,
YT_SEARCH.perros videos para perros,,perros videos para perros,155,205.5771,1:19:34,0,
YT_SEARCH.dog channel for dogs to watch,,dog channel for dogs to watch,155,213.0504,1:22:28,0,
YT_SEARCH.hiking with dog,,hiking with dog,154,107.8332,0:42:00,0,
YT_SEARCH.animal tv for dogs,,animal tv for dogs,153,271.2035,1:46:21,0,
YT_SEARCH.dog separation anxiety,,dog separation anxiety,152,317.483,2:05:19,0,
YT_SEARCH.dog distraction video,,dog distraction video,151,203.377,1:20:48,0,
YT_SEARCH.chien,,chien,149,176.241,1:10:58,0,
YT_SEARCH.dog videos on youtube,,dog videos on youtube,148,365.5779,2:28:12,0,
YT_SEARCH.dog calm,,dog calm,147,344.59,2:20:38,0,
YT_SEARCH.cartoon for dogs,,cartoon for dogs,146,140.8857,0:57:53,0,
YT_SEARCH.relaxation for dogs,,relaxation for dogs,145,261.55,1:48:13,0,
YT_SEARCH.dog tv no ads music,,dog tv no ads music,145,343.0056,2:21:56,0,
YT_SEARCH.animal videos for dogs,,animal videos for dogs,145,192.8133,1:19:47,0,
YT_SEARCH.canal de perros,,canal de perros,144,167.6614,1:09:51,0,
YT_SEARCH.telewizja dla psów,,telewizja dla psów,144,52.0856,0:21:42,0,
YT_SEARCH.perro,,perro,144,179.522,1:14:48,0,
YT_SEARCH.wildlife for dogs,,wildlife for dogs,144,162.8376,1:07:50,0,
YT_SEARCH.soothing music for dogs,,soothing music for dogs,144,215.4341,1:29:45,0,
YT_SEARCH.tv for,,tv for,143,223.2701,1:33:40,0,
YT_SEARCH.no ads nature sounds,,no ads nature sounds,141,178.0618,1:15:46,0,
YT_SEARCH.dog colors tv,,dog colors tv,140,320.7943,2:17:28,0,
YT_SEARCH.walk the dog,,walk the dog,140,53.4023,0:22:53,0,
YT_SEARCH.doggy tv youtube,,doggy tv youtube,139,339.8786,2:26:42,0,
YT_SEARCH.dog barking sound,,dog barking sound,139,231.3266,1:39:51,0,
YT_SEARCH.дог тв,,дог тв,138,110.4645,0:48:01,0,
YT_SEARCH.calm for dogs,,calm for dogs,137,240.1485,1:45:10,0,
YT_SEARCH.dog tv no ads beach,,dog tv no ads beach,137,252.067,1:50:23,0,
YT_SEARCH.dog tv dogs playing,,dog tv dogs playing,137,281.7229,2:03:22,0,
YT_SEARCH.24 hour dog tv,,24 hour dog tv,137,443.0811,3:14:03,0,
YT_SEARCH.dog tv for dogs to watch cartoon,,dog tv for dogs to watch cartoon,137,223.6442,1:37:56,0,
YT_SEARCH.youtube dog videos,,youtube dog videos,137,338.932,2:28:26,0,
YT_SEARCH.ambiance for dogs,,ambiance for dogs,136,268.3532,1:58:23,0,
YT_SEARCH.music,,music,136,225.9887,1:39:42,0,
YT_SEARCH.t. v. for dogs,,t. v. for dogs,136,277.4523,2:02:24,0,
YT_SEARCH.video para cachorros assistirem,,video para cachorros assistirem,136,134.9961,0:59:33,0,
YT_SEARCH.dog music on youtube,,dog music on youtube,136,326.8565,2:24:12,0,
YT_SEARCH.hounds,,hounds,135,282.447,2:05:31,0,
YT_SEARCH.dogs playing and barking,,dogs playing and barking,135,179.6554,1:19:50,0,
YT_SEARCH.dog tv anxiety,,dog tv anxiety,134,228.2074,1:42:10,0,
YT_SEARCH.stuff for dogs to watch,,stuff for dogs to watch,134,235.3562,1:45:23,0,
YT_SEARCH.relax dog music,,relax dog music,134,258.0225,1:55:31,0,
YT_SEARCH.film dla psa,,film dla psa,133,46.1324,0:20:48,0,
YT_SEARCH.puppy desensitization sounds,,puppy desensitization sounds,133,230.9512,1:44:11,0,
YT_SEARCH.happy dog,,happy dog,133,202.7446,1:31:27,0,
YT_SEARCH.music dogs,,music dogs,132,206.4566,1:33:50,0,
YT_SEARCH.강아지가 좋아하는 영상,,강아지가 좋아하는 영상,132,300.3941,2:16:32,0,
YT_SEARCH.videos de perros para perros,,videos de perros para perros,130,62.2952,0:28:45,0,
YT_SEARCH.nature dog,,nature dog,128,139.8396,1:05:32,0,
YT_SEARCH.bluey for dogs,,bluey for dogs,128,214.6961,1:40:38,0,
YT_SEARCH.video für hunde,,video für hunde,127,55.3007,0:26:07,0,
YT_SEARCH.soothing sounds for dogs,,soothing sounds for dogs,127,229.6459,1:48:29,0,
YT_SEARCH.dog separation anxiety music,,dog separation anxiety music,126,227.2562,1:48:13,0,
YT_SEARCH.狗狗,,狗狗,125,41.9082,0:20:06,0,
YT_SEARCH.dog tv walk,,dog tv walk,125,272.7112,2:10:54,0,
YT_SEARCH.puppy tv calming,,puppy tv calming,125,188.3665,1:30:24,0,
YT_SEARCH.chaine pour chien,,chaine pour chien,125,95.6628,0:45:55,0,
YT_SEARCH.live dog,,live dog,125,229.0593,1:49:56,0,
YT_SEARCH.dog tv nature walk,,dog tv nature walk,124,289.0705,2:19:52,0,
YT_SEARCH.狗電視,,狗電視,123,49.3118,0:24:03,0,
YT_SEARCH.dogs youtube,,dogs youtube,122,342.3574,2:48:22,0,
YT_SEARCH.dog and cat tv,,dog and cat tv,122,332.9344,2:43:44,0,
YT_SEARCH.soothing for dogs,,soothing for dogs,122,301.7363,2:28:23,0,
YT_SEARCH.dog tv colors they can see,,dog tv colors they can see,122,257.6431,2:06:42,0,
YT_SEARCH.doggy,,doggy,121,166.944,1:22:46,0,
YT_SEARCH.screensaver,,screensaver,121,154.2029,1:16:27,0,
YT_SEARCH.harmony,,harmony,121,240.9543,1:59:28,0,
YT_SEARCH.dog show tv,,dog show tv,121,120.9634,0:59:58,0,
YT_SEARCH.dogs at the beach,,dogs at the beach,120,146.1234,1:13:03,0,
YT_SEARCH.doggy woods,,doggy woods,119,220.6004,1:51:13,0,
YT_SEARCH.狗狗音樂,,狗狗音樂,119,160.8317,1:21:05,0,
YT_SEARCH.puppy videos for dogs,,puppy videos for dogs,119,147.0479,1:14:08,0,
YT_SEARCH.happy dog tv,,happy dog tv,119,191.0789,1:36:20,0,
YT_SEARCH.ddog,,ddog,119,233.9351,1:57:57,0,
YT_SEARCH.звуки для собак,,звуки для собак,118,45.1336,0:22:56,0,
YT_SEARCH.long dog videos,,long dog videos,118,366.6087,3:06:24,0,
YT_SEARCH.calming dog,,calming dog,117,185.4275,1:35:05,0,
YT_SEARCH.white noise for dogs,,white noise for dogs,116,230.0161,1:58:58,0,
YT_SEARCH.forest,,forest,115,245.7774,2:08:13,0,
YT_SEARCH.puppy entertainment video,,puppy entertainment video,114,146.845,1:17:17,0,
YT_SEARCH.tv pet,,tv pet,114,186.5508,1:38:11,0,
YT_SEARCH.walking through the forest,,walking through the forest,113,96.9514,0:51:28,0,
YT_SEARCH.canales para perros,,canales para perros,112,78.6196,0:42:07,0,
YT_SEARCH.dogs for dogs to watch,,dogs for dogs to watch,112,87.7689,0:47:01,0,
YT_SEARCH.bluey,,bluey,112,205.5486,1:50:06,0,
YT_SEARCH.relaxing dog music no ads,,relaxing dog music no ads,111,228.7382,2:03:38,0,
YT_SEARCH.nature walks,,nature walks,111,211.1204,1:54:07,0,
YT_SEARCH.perros caminando,,perros caminando,111,43.0529,0:23:16,0,
YT_SEARCH.dog anxiety videos,,dog anxiety videos,111,228.4371,2:03:28,0,
YT_SEARCH.видео для собаки,,видео для собаки,111,18.5578,0:10:01,0,
YT_SEARCH.tv für hunde,,tv für hunde,110,65.7423,0:35:51,0,
YT_SEARCH.sensory videos for dogs,,sensory videos for dogs,110,132.3915,1:12:12,0,
YT_SEARCH.no ad dog tv,,no ad dog tv,110,320.5681,2:54:51,0,
YT_SEARCH.puppies playing,,puppies playing,110,158.2506,1:26:19,0,
YT_SEARCH.dog tv virtual walk,,dog tv virtual walk,110,204.6321,1:51:37,0,
YT_SEARCH.calming music,,calming music,109,138.6503,1:16:19,0,
YT_SEARCH.squirrel tv for dogs,,squirrel tv for dogs,109,49.6913,0:27:21,0,
YT_SEARCH.no ads music for dogs,,no ads music for dogs,109,242.1377,2:13:17,0,
YT_SEARCH.puppy videos,,puppy videos,108,205.8106,1:54:20,0,
YT_SEARCH.vídeo para perros,,vídeo para perros,107,114.0376,1:03:56,0,
YT_SEARCH.walk in nature,,walk in nature,107,82.828,0:46:26,0,
YT_SEARCH.pour chien,,pour chien,106,149.9475,1:24:52,0,
YT_SEARCH.relaxing dogs,,relaxing dogs,106,152.6682,1:26:24,0,
YT_SEARCH.dog adventure,,dog adventure,104,223.3152,2:08:50,0,
YT_SEARCH.nature for dogs to watch,,nature for dogs to watch,104,188.4854,1:48:44,0,
YT_SEARCH.cachorro tv,,cachorro tv,104,136.658,1:18:50,0,
YT_SEARCH.walk in the forest,,walk in the forest,103,94.0388,0:54:46,0,
YT_SEARCH.fireplace,,fireplace,103,215.3727,2:05:27,0,
YT_SEARCH.dog gopro,,dog gopro,102,218.9741,2:08:48,0,
YT_SEARCH.walking in nature,,walking in nature,102,109.526,1:04:25,0,
YT_SEARCH.cartoons for dogs to watch,,cartoons for dogs to watch,100,170.5256,1:42:18,0,
YT_SEARCH.dog background,,dog background,100,187.8225,1:52:41,0,
YT_SEARCH.dog anxiety,,dog anxiety,100,249.5733,2:29:44,0,
YT_SEARCH.vídeos perros,,vídeos perros,99,82.9061,0:50:14,0,
YT_SEARCH.dog anxiety tv,,dog anxiety tv,99,238.5457,2:24:34,0,
YT_SEARCH.tv dla psa,,tv dla psa,99,58.4692,0:35:26,0,
YT_SEARCH.dog music to go to sleep,,dog music to go to sleep,98,268.5703,2:44:25,0,
YT_SEARCH.movie for dogs to watch,,movie for dogs to watch,97,76.1814,0:47:07,0,
YT_SEARCH.dog documentary,,dog documentary,97,129.8432,1:20:18,0,
YT_SEARCH.videos entretenidos para perros,,videos entretenidos para perros,97,126.7346,1:18:23,0,
YT_SEARCH.pet,,pet,97,185.4753,1:54:43,0,
YT_SEARCH.calm dog music anxiety,,calm dog music anxiety,96,172.1592,1:47:35,0,
YT_SEARCH.dog adventures,,dog adventures,96,167.2788,1:44:32,0,
YT_SEARCH.nature dogs,,nature dogs,96,154.1097,1:36:19,0,
YT_SEARCH.canal para cachorro,,canal para cachorro,96,126.5215,1:19:04,0,
YT_SEARCH.dogs on the beach,,dogs on the beach,96,94.6722,0:59:10,0,
YT_SEARCH.no ads sleep music,,no ads sleep music,96,250.9307,2:36:49,0,
YT_SEARCH.sounds dogs love,,sounds dogs love,95,136.8334,1:26:25,0,
YT_SEARCH.videos for dogs no ads,,videos for dogs no ads,94,205.0181,2:10:51,0,
YT_SEARCH.ambience no ads,,ambience no ads,94,194.5197,2:04:09,0,
YT_SEARCH.tv for dogs to watch colors,,tv for dogs to watch colors,94,126.7031,1:20:52,0,
YT_SEARCH.télé pour chien,,télé pour chien,93,127.8418,1:22:28,0,
YT_SEARCH.tv shows for dogs,,tv shows for dogs,93,127.2667,1:22:06,0,
YT_SEARCH.dog enrichment,,dog enrichment,93,156.4141,1:40:54,0,
Showing top 500 results
